"Message",Low,"已启动生成。"
"Message",Low,"项目“Unnamed_1”(默认目标):"
"Message",Low,"正在使用工具版本“4.0”进行生成。"
"Message",Low,"来自项目“C:\Users\xu_cc\Documents\Visual Studio 2015\Projects\ZhihuDaily\ZhihuDaily\Unnamed_1”的文件“C:\Program Files (x86)\MSBuild\Microsoft\.NetNative\x86\ilc\IlcInternals.targets”中的目标“PrintILCStartMessage”(目标“Build”依赖于它):"
"Message",Low,"正在使用程序集“C:\Program Files (x86)\MSBuild\Microsoft\.NetNative\x86\ilc\ilc.exe”中的“IlcMessageTask”任务。"
"Message",Low,"任务“IlcMessageTask”"
"Message",High,"正在启动 .NET Native 编译"
"Message",Low,"已完成执行任务“IlcMessageTask”的操作。"
"Message",Low,"已完成在项目“Unnamed_1”中生成目标“PrintILCStartMessage”的操作。"
"Message",Low,"来自项目“C:\Users\xu_cc\Documents\Visual Studio 2015\Projects\ZhihuDaily\ZhihuDaily\Unnamed_1”的文件“C:\Program Files (x86)\MSBuild\Microsoft\.NetNative\x86\ilc\IlcInternals.targets”中的目标“LogAppContextSwitches”(目标“SetMainTargetPaths”依赖于它):"
"Message",Low,"正在使用程序集“Microsoft.Build.Tasks.v4.0, Version=4.0.0.0, Culture=neutral, PublicKeyToken=b03f5f7f11d50a3a”中的“Message”任务。"
"Message",Low,"任务“Message”"
"Message",Normal,"AppContextSwitch: ''"
"Message",Low,"已完成执行任务“Message”的操作。"
"Message",Low,"已完成在项目“Unnamed_1”中生成目标“LogAppContextSwitches”的操作。"
"Message",Low,"来自项目“C:\Users\xu_cc\Documents\Visual Studio 2015\Projects\ZhihuDaily\ZhihuDaily\Unnamed_1”的文件“C:\Program Files (x86)\MSBuild\Microsoft\.NetNative\x86\ilc\IlcInternals.targets”中的目标“SetMainTargetPaths”(目标“CopyNativeExecutablesToOutput”依赖于它):"
"Message",Low,"已完成在项目“Unnamed_1”中生成目标“SetMainTargetPaths”的操作。"
"Message",Low,"由于条件的计算结果为 false，已跳过目标“GenerateFakeExe”；(!Exists('@(InputILTarget)'))的计算结果为(!Exists('C:\Users\xu_cc\Documents\Visual Studio 2015\Projects\ZhihuDaily\ZhihuDaily\obj\x86\Release\ilc\in\ZhihuDaily.exe'))。"
"Message",Low,"来自项目“C:\Users\xu_cc\Documents\Visual Studio 2015\Projects\ZhihuDaily\ZhihuDaily\Unnamed_1”的文件“C:\Program Files (x86)\MSBuild\Microsoft\.NetNative\x86\ilc\IlcInternals.targets”中的目标“InjectCoreLibTypeForwards”(目标“RunILTransforms”依赖于它):"
"Message",Low,"正在使用程序集“Microsoft.Build.Tasks.v4.0, Version=4.0.0.0, Culture=neutral, PublicKeyToken=b03f5f7f11d50a3a”中的“MakeDir”任务。"
"Message",Low,"任务“MakeDir”"
"Message",Normal,"正在创建目录“C:\Users\xu_cc\Documents\Visual Studio 2015\Projects\ZhihuDaily\ZhihuDaily\obj\x86\Release\ilc\intermediate\TransformedCoreLib\”。"
"Message",Low,"已完成执行任务“MakeDir”的操作。"
"Message",Low,"正在使用程序集“Microsoft.Build.ILTasks”中的“ILTransformTask”任务。"
"Message",Low,"任务“ILTransformTask”"
"Message",Normal,"正在运行“InjectCoreLibTypeForwards”转换，于 15 MB 形成堆。"
"Message",Normal,"正在运行“InjectCoreLibIReflectableTypeSupport”转换，于 29 MB 形成堆。"
"Message",Normal,"正在运行“WriteAssemblies”转换，于 29 MB 形成堆。"
"Message",Normal,""
"Message",Normal,"转换摘要"
"Message",Normal,"   毫秒 | 堆增量 | 名称"
"Message",Normal,"  1360 |         14 | InjectCoreLibTypeForwards"
"Message",Normal,"  1354 |         20 | WriteAssemblies"
"Message",Normal,"     2 |          0 | InjectCoreLibIReflectableTypeSupport"
"Message",Low,"已完成执行任务“ILTransformTask”的操作。"
"Message",Low,"已完成在项目“Unnamed_1”中生成目标“InjectCoreLibTypeForwards”的操作。"
"Message",Low,"已跳过目标“InjectCoreLibTypeForwards”。以前的生成已成功。"
"Message",Low,"来自项目“C:\Users\xu_cc\Documents\Visual Studio 2015\Projects\ZhihuDaily\ZhihuDaily\Unnamed_1”的文件“C:\Program Files (x86)\MSBuild\Microsoft\.NetNative\x86\ilc\IlcInternals.targets”中的目标“PreResolveTransforms”(目标“RunILTransforms”依赖于它):"
"Message",Low,"正在完全生成目标“PreResolveTransforms”。"
"Message",Low,"输出文件“C:\Users\xu_cc\Documents\Visual Studio 2015\Projects\ZhihuDaily\ZhihuDaily\obj\x86\Release\ilc\intermediate\PreMergeILTransformed\ZhihuDaily.exe”不存在。"
"Message",Low,"任务“MakeDir”"
"Message",Normal,"正在创建目录“C:\Users\xu_cc\Documents\Visual Studio 2015\Projects\ZhihuDaily\ZhihuDaily\obj\x86\Release\ilc\intermediate\PreMergeILTransformed\”。"
"Message",Low,"已完成执行任务“MakeDir”的操作。"
"Message",Low,"正在使用程序集“Microsoft.Build.ILTasks”中的“AssemblyClosureTask”任务。"
"Message",Low,"任务“AssemblyClosureTask”"
"Message",Low,"已完成执行任务“AssemblyClosureTask”的操作。"
"Message",Low,"由于 false 条件，已跳过任务“ILTransformTask”；('@(PreResolveTransforms)' != '')计算为('' != '')。"
"Message",Low,"正在使用程序集“Microsoft.Build.Tasks.v4.0, Version=4.0.0.0, Culture=neutral, PublicKeyToken=b03f5f7f11d50a3a”中的“Copy”任务。"
"Message",Low,"任务“Copy”"
"Message",Normal,"正在将文件从“C:\Users\xu_cc\Documents\Visual Studio 2015\Projects\ZhihuDaily\ZhihuDaily\obj\x86\Release\ilc\in\ZhihuDaily.pdb”复制到“C:\Users\xu_cc\Documents\Visual Studio 2015\Projects\ZhihuDaily\ZhihuDaily\obj\x86\Release\ilc\intermediate\PreMergeILTransformed\ZhihuDaily.pdb”。"
"Message",Low,"已完成执行任务“Copy”的操作。"
"Message",Low,"任务“Copy”"
"Message",Normal,"正在将文件从“C:\Users\xu_cc\Documents\Visual Studio 2015\Projects\ZhihuDaily\ZhihuDaily\obj\x86\Release\ilc\in\ZhihuDaily.exe”复制到“C:\Users\xu_cc\Documents\Visual Studio 2015\Projects\ZhihuDaily\ZhihuDaily\obj\x86\Release\ilc\intermediate\PreMergeILTransformed\ZhihuDaily.exe”。"
"Message",Low,"已完成执行任务“Copy”的操作。"
"Message",Low,"由于 false 条件，已跳过任务“Copy”；('$(HasMcgPatchDlls)'=='true')计算为(''=='true')。"
"Message",Low,"已完成在项目“Unnamed_1”中生成目标“PreResolveTransforms”的操作。"
"Message",Low,"来自项目“C:\Users\xu_cc\Documents\Visual Studio 2015\Projects\ZhihuDaily\ZhihuDaily\Unnamed_1”的文件“C:\Program Files (x86)\MSBuild\Microsoft\.NetNative\x86\ilc\IlcInternals.targets”中的目标“InitInputResourceName”(目标“RunILTransforms”依赖于它):"
"Message",Low,"由于 false 条件，已跳过任务“ResolveFilePathTask”；('$(InputPath)' != '' and Exists('$(InputPath)\obj\'))计算为('C:\Users\xu_cc\Documents\Visual Studio 2015\Projects\ZhihuDaily\ZhihuDaily\obj\x86\Release\ilc\in' != '' and Exists('C:\Users\xu_cc\Documents\Visual Studio 2015\Projects\ZhihuDaily\ZhihuDaily\obj\x86\Release\ilc\in\obj\'))。"
"Message",Low,"正在使用程序集“Microsoft.Build.ILTasks”中的“ResolveFilePathTask”任务。"
"Message",Low,"任务“ResolveFilePathTask”"
"Message",Low,"已完成执行任务“ResolveFilePathTask”的操作。"
"Message",Low,"已完成在项目“Unnamed_1”中生成目标“InitInputResourceName”的操作。"
"Message",Low,"已跳过目标“PreResolveTransforms”。以前的生成已成功。"
"Message",Low,"由于条件的计算结果为 false，已跳过目标“SetForSharedInputs”；('$(UseSharedAssemblies)' == 'true')的计算结果为('false' == 'true')。"
"Message",Low,"由于条件的计算结果为 false，已跳过目标“SetForBuildSharedAssemblies”；('$(BuildSharedAssemblies)' == 'true')的计算结果为('false' == 'true')。"
"Message",Low,"来自项目“C:\Users\xu_cc\Documents\Visual Studio 2015\Projects\ZhihuDaily\ZhihuDaily\Unnamed_1”的文件“C:\Program Files (x86)\MSBuild\Microsoft\.NetNative\x86\ilc\IlcInternals.targets”中的目标“ResolveInitialReferences”(目标“RunILTransforms”依赖于它):"
"Message",Low,"任务“ResolveFilePathTask”"
"Message",Low,"已完成执行任务“ResolveFilePathTask”的操作。"
"Message",Low,"任务“ResolveFilePathTask”"
"Message",Low,"已完成执行任务“ResolveFilePathTask”的操作。"
"Message",Low,"由于 false 条件，已跳过任务“IlcErrorTask”；('@(UnresolvedManagedDllFilesErrorParameters)'!='')计算为(''!='')。"
"Message",Low,"任务“AssemblyClosureTask”"
"Message",Low,"已完成执行任务“AssemblyClosureTask”的操作。"
"Message",Low,"任务“AssemblyClosureTask”"
"Message",Low,"已完成执行任务“AssemblyClosureTask”的操作。"
"Message",Low,"正在使用程序集“Microsoft.Build.Tasks.v4.0, Version=4.0.0.0, Culture=neutral, PublicKeyToken=b03f5f7f11d50a3a”中的“RemoveDuplicates”任务。"
"Message",Low,"任务“RemoveDuplicates”"
"Message",Low,"已完成执行任务“RemoveDuplicates”的操作。"
"Message",Low,"已完成在项目“Unnamed_1”中生成目标“ResolveInitialReferences”的操作。"
"Message",Low,"来自项目“C:\Users\xu_cc\Documents\Visual Studio 2015\Projects\ZhihuDaily\ZhihuDaily\Unnamed_1”的文件“C:\Program Files (x86)\MSBuild\Microsoft\.NetNative\x86\ilc\IlcInternals.targets”中的目标“RunILTransforms”(目标“GenerateMDILResponseFileSingleFile”依赖于它):"
"Message",Low,"正在完全生成目标“RunILTransforms”。"
"Message",Low,"输出文件“C:\Users\xu_cc\Documents\Visual Studio 2015\Projects\ZhihuDaily\ZhihuDaily\obj\x86\Release\ilc\intermediate\ILTransformed\ZhihuDaily.ilexe”不存在。"
"Message",Low,"任务“IlcMessageTask”"
"Message",High,"正在处理应用程序代码"
"Message",Low,"已完成执行任务“IlcMessageTask”的操作。"
"Message",Low,"正在使用程序集“C:\Program Files (x86)\MSBuild\Microsoft\.NetNative\x86\ilc\ilc.exe”中的“ValidateSimpleNamesTask”任务。"
"Message",Low,"任务“ValidateSimpleNamesTask”"
"Message",Low,"已完成执行任务“ValidateSimpleNamesTask”的操作。"
"Message",Low,"任务“MakeDir”"
"Message",Normal,"正在创建目录“C:\Users\xu_cc\Documents\Visual Studio 2015\Projects\ZhihuDaily\ZhihuDaily\obj\x86\Release\ilc\intermediate\ILTransformed\”。"
"Message",Low,"已完成执行任务“MakeDir”的操作。"
"Message",Low,"由于 false 条件，已跳过任务“MakeDir”；('$(BuildSharedAssemblies)' == 'true' And '$(InternalFeatureSwitch_ILTableOfContents)' == 'true')计算为('false' == 'true' And 'true' == 'true')。"
"Message",Low,"由于 false 条件，已跳过任务“MakeDir”；('$(BuildSharedAssemblies)' == 'true' And '$(InternalFeatureSwitch_ILTableOfContents)' == 'true')计算为('false' == 'true' And 'true' == 'true')。"
"Message",Low,"由于 false 条件，已跳过任务“IlcErrorTask”；('$(PlatformTarget)'=='')计算为('x86'=='')。"
"Message",Low,"任务“ResolveFilePathTask”"
"Message",Low,"已完成执行任务“ResolveFilePathTask”的操作。"
"Message",Low,"由于 false 条件，已跳过任务“IlcErrorTask”；('@(UnresolvedMcgSourceContractsReferencesErrorParameters)'!='')计算为(''!='')。"
"Message",Low,"任务“ResolveFilePathTask”"
"Message",Low,"已完成执行任务“ResolveFilePathTask”的操作。"
"Message",Low,"由于 false 条件，已跳过任务“IlcErrorTask”；('@(UnresolvedMcgSourceFacadeErrorParameters)'!='')计算为(''!='')。"
"Message",Low,"任务“ResolveFilePathTask”"
"Message",Low,"已完成执行任务“ResolveFilePathTask”的操作。"
"Message",Low,"任务“ResolveFilePathTask”"
"Message",Low,"已完成执行任务“ResolveFilePathTask”的操作。"
"Message",Low,"由于 false 条件，已跳过任务“IlcErrorTask”；('@(UnresolvedManagedDllFilesErrorParameters)'!='')计算为(''!='')。"
"Message",Low,"任务“AssemblyClosureTask”"
"Message",Low,"已完成执行任务“AssemblyClosureTask”的操作。"
"Message",Low,"任务“ResolveFilePathTask”"
"Message",Low,"已完成执行任务“ResolveFilePathTask”的操作。"
"Message",Low,"由于 false 条件，已跳过任务“IlcErrorTask”；('@(UnresolvedCoreAssemblyErrorParameters)'!='')计算为(''!='')。"
"Message",Low,"任务“RemoveDuplicates”"
"Message",Low,"已完成执行任务“RemoveDuplicates”的操作。"
"Message",Low,"由于 false 条件，已跳过任务“AddToNativePackageTask”；('@(NeedsClrCompression)' != '' and '$(BuildSharedAssemblies)' != 'true')计算为('' != '' and 'false' != 'true')。"
"Message",Low,"任务“MakeDir”"
"Message",Normal,"正在创建目录“C:\Users\xu_cc\Documents\Visual Studio 2015\Projects\ZhihuDaily\ZhihuDaily\obj\x86\Release\ilc\intermediate\SgGenerated”。"
"Message",Low,"已完成执行任务“MakeDir”的操作。"
"Message",Low,"正在使用程序集“Microsoft.Build.Tasks.v4.0, Version=4.0.0.0, Culture=neutral, PublicKeyToken=b03f5f7f11d50a3a”中的“WriteLinesToFile”任务。"
"Message",Low,"任务“WriteLinesToFile”"
"Message",Low,"已完成执行任务“WriteLinesToFile”的操作。"
"Message",Low,"任务“MakeDir”"
"Message",Normal,"正在创建目录“C:\Users\xu_cc\Documents\Visual Studio 2015\Projects\ZhihuDaily\ZhihuDaily\obj\x86\Release\ilc\intermediate\ResW\”。"
"Message",Low,"已完成执行任务“MakeDir”的操作。"
"Message",Low,"由于 false 条件，已跳过任务“IlcWarningTask”；('$(BuildSharedAssemblies)' != 'true' and '@(ReducerInputFiles)' == '')计算为('false' != 'true' and 'C:\Users\xu_cc\Documents\Visual Studio 2015\Projects\ZhihuDaily\ZhihuDaily\obj\x86\Release\ilc\in\Properties\Default.rd.xml' == '')。"
"Message",Low,"任务“ILTransformTask”"
"Message",Normal,"正在运行“Analysis”转换，于 10 MB 形成堆。"
"Message",Low,"正在加载 75 模块..."
"Message",Normal,"已从 8 个文件导入反射指令:"
"Message",Normal,"C:\Users\xu_cc\Documents\Visual Studio 2015\Projects\ZhihuDaily\ZhihuDaily\obj\x86\Release\ilc\in\Properties\Default.rd.xml"
"Message",Normal,"System.Diagnostics.Tracing 中的嵌入清单: Resources.System.Diagnostics.Tracing.rd.xml"
"Message",Normal,"System.Private.CoreLib 中的嵌入清单: Resources.System.Private.CoreLib.rd.xml"
"Message",Normal,"System.Private.Uri 中的嵌入清单: Resources.System.Private.Uri.rd.xml"
"Message",Normal,"System.Private.Reflection 中的嵌入清单: Resources.System.Private.Reflection.rd.xml"
"Message",Normal,"System.Private.Reflection.Core 中的嵌入清单: Resources.System.Private.Reflection.Core.rd.xml"
"Message",Normal,"System.Private.Interop 中的嵌入清单: Resources.System.Private.Interop.rd.xml"
"Message",Normal,"Microsoft.ApplicationInsights"
"Message",Normal,"已从 1 个文件导入 XAML 根:"
"Message",Normal,"C:\Users\xu_cc\Documents\Visual Studio 2015\Projects\ZhihuDaily\ZhihuDaily\obj\x86\Release\ilc\in\ZhihuDaily.xr.xml"
"Message",Normal,"正在运行“Mcg”转换，于 189 MB 形成堆。"
"Message",High,"正在计算应用程序关闭并生成互操作代码"
"Message",Normal,"  .lib 文件列表:"
"Message",Normal,"      WindowsApp.lib"
"Message",Normal,"  .lib 搜索路径列表:"
"Message",Normal,"      C:\Program Files (x86)\Windows Kits\10\lib\10.0.10240.0\um\x86"
"Message",Normal,"  正在从库中加载导出..."
"Message",Normal,"      从“C:\Program Files (x86)\Windows Kits\10\lib\10.0.10240.0\um\x86\WindowsApp.lib”读取的 2365 个导出。"
"Message",Normal,"  正在加载 75 模块..."
"Message",Normal,"  正在生成代码..."
"Message",Normal,"      正在解析 P/invokes..."
"Message",Normal,"          未能解析 P/Invoke“RhWaitForPendingFinalizers”，但指定了 ExactSpelling，默认设置为 [MRT]!RhWaitForPendingFinalizers"
"Message",Normal,"          未能解析 P/Invoke“RhCompatibleReentrantWaitAny”，但指定了 ExactSpelling，默认设置为 [MRT]!RhCompatibleReentrantWaitAny"
"Message",Normal,"          未能解析 P/Invoke“_ecvt_s”，但指定了 ExactSpelling，默认设置为 [MRT]!_ecvt_s"
"Message",Normal,"          未能解析 P/Invoke“memmove”，但指定了 ExactSpelling，默认设置为 [MRT]!memmove"
"Message",Normal,"          P/Invoke“GetLastError”已解析为 api-ms-win-core-errorhandling-l1-1-1.dll!GetLastError"
"Message",Normal,"          P/Invoke“SetLastError”已解析为 api-ms-win-core-errorhandling-l1-1-1.dll!SetLastError"
"Message",Normal,"          P/Invoke“GetLastError”已解析为 api-ms-win-core-errorhandling-l1-1-1.dll!GetLastError"
"Message",Normal,"          P/Invoke“NormalizeString”已解析为 api-ms-win-core-normalization-l1-1-0.dll!NormalizeString"
"Message",Normal,"          P/Invoke“RoInitialize”已解析为 api-ms-win-core-winrt-l1-1-0.dll!RoInitialize"
"Message",Normal,"          P/Invoke“GetCurrentThreadId”已解析为 api-ms-win-core-processthreads-l1-1-2.dll!GetCurrentThreadId"
"Message",Normal,"          P/Invoke“GetCurrentProcessId”已解析为 api-ms-win-core-processthreads-l1-1-2.dll!GetCurrentProcessId"
"Message",Normal,"          P/Invoke“EventWriteTransfer”已解析为 api-ms-win-eventing-provider-l1-1-0.dll!EventWriteTransfer"
"Message",Normal,"          P/Invoke“EventSetInformation”已解析为 api-ms-win-eventing-provider-l1-1-0.dll!EventSetInformation"
"Message",Normal,"          P/Invoke“EventRegister”已解析为 api-ms-win-eventing-provider-l1-1-0.dll!EventRegister"
"Message",Normal,"          P/Invoke“EventUnregister”已解析为 api-ms-win-eventing-provider-l1-1-0.dll!EventUnregister"
"Message",Normal,"          P/Invoke“IsValidLocaleName”已解析为 api-ms-win-core-localization-l1-2-1.dll!IsValidLocaleName"
"Message",Normal,"          P/Invoke“ResolveLocaleName”已解析为 api-ms-win-core-localization-l1-2-1.dll!ResolveLocaleName"
"Message",Normal,"          P/Invoke“FormatMessage”已解析为 api-ms-win-core-localization-l1-2-1.dll!FormatMessageA"
"Message",Normal,"          P/Invoke“GetCPInfoExW”已解析为 api-ms-win-core-localization-l1-2-1.dll!GetCPInfoExW"
"Message",Normal,"          P/Invoke“IdnToAscii”已解析为 api-ms-win-core-localization-l1-2-1.dll!IdnToAscii"
"Message",Normal,"          P/Invoke“IdnToUnicode”已解析为 api-ms-win-core-localization-l1-2-1.dll!IdnToUnicode"
"Message",Normal,"          P/Invoke“FindNLSStringEx”已解析为 api-ms-win-core-localization-l1-2-1.dll!FindNLSStringEx"
"Message",Normal,"          P/Invoke“FormatMessageW”已解析为 api-ms-win-core-localization-l1-2-1.dll!FormatMessageW"
"Message",Normal,"          P/Invoke“GetCommandLineW”已解析为 api-ms-win-core-processenvironment-l1-2-0.dll!GetCommandLineW"
"Message",Normal,"          P/Invoke“RaiseFailFastException”已解析为 api-ms-win-core-errorhandling-l1-1-3.dll!RaiseFailFastException"
"Message",Normal,"          P/Invoke“QueryPerformanceFrequency”已解析为 api-ms-win-core-profile-l1-1-0.dll!QueryPerformanceFrequency"
"Message",Normal,"          P/Invoke“QueryPerformanceCounter”已解析为 api-ms-win-core-profile-l1-1-0.dll!QueryPerformanceCounter"
"Message",Normal,"          未能解析 P/Invoke“CallingConventionConverter_GetStubs”，但指定了 ExactSpelling，默认设置为 *!CallingConventionConverter_GetStubs"
"Message",Normal,"          未能解析 P/Invoke“ConstrainedCallSupport_GetStubs”，但指定了 ExactSpelling，默认设置为 *!ConstrainedCallSupport_GetStubs"
"Message",Normal,"          P/Invoke“GetNativeSystemInfo”已解析为 api-ms-win-core-sysinfo-l1-2-1.dll!GetNativeSystemInfo"
"Message",Normal,"          P/Invoke“VirtualQuery”已解析为 api-ms-win-core-memory-l1-1-2.dll!VirtualQuery"
"Message",Normal,"          P/Invoke“CompareStringEx”已解析为 api-ms-win-core-string-l1-1-0.dll!CompareStringEx"
"Message",Normal,"          P/Invoke“CompareStringOrdinal”已解析为 api-ms-win-core-string-l1-1-0.dll!CompareStringOrdinal"
"Message",Normal,"          P/Invoke“FindStringOrdinal”已解析为 api-ms-win-core-libraryloader-l1-2-0.dll!FindStringOrdinal"
"Message",Normal,"          P/Invoke“deflateInit2_”已解析为 clrcompression.dll!deflateInit2_"
"Message",Normal,"          P/Invoke“deflateEnd”已解析为 clrcompression.dll!deflateEnd"
"Message",Normal,"          P/Invoke“inflateEnd”已解析为 clrcompression.dll!inflateEnd"
"Message",Normal,"          P/Invoke“deflate”已解析为 clrcompression.dll!deflate"
"Message",Normal,"          未能解析 P/Invoke“CoCreateInstance”，但指定了 ExactSpelling，默认设置为 api-ms-win-core-com-l1-1-0.dll!CoCreateInstance"
"Message",Normal,"          P/Invoke“QueryUnbiasedInterruptTime”已解析为 api-ms-win-core-realtime-l1-1-0.dll!QueryUnbiasedInterruptTime"
"Message",Normal,"          P/Invoke“SysFreeString”已解析为 oleaut32.dll!#6"
"Message",Normal,"          P/Invoke“GetLongPathNameW”已解析为 api-ms-win-core-file-l1-2-1.dll!GetLongPathNameW"
"Message",Normal,"          P/Invoke“GetLongPathNameW”已解析为 api-ms-win-core-file-l1-2-1.dll!GetLongPathNameW"
"Message",Normal,"          P/Invoke“GetFullPathNameW”已解析为 api-ms-win-core-file-l1-2-1.dll!GetFullPathNameW"
"Message",Normal,"          P/Invoke“GetFullPathNameW”已解析为 api-ms-win-core-file-l1-2-1.dll!GetFullPathNameW"
"Message",Normal,"          P/Invoke“RoGetBufferMarshaler”已解析为 api-ms-win-core-winrt-robuffer-l1-1-0.dll!RoGetBufferMarshaler"
"Message",Normal,"  生成的互操作代码。"
"Message",Normal,"  将代码写入到 AssemblyInfo.g.cs"
"Message",Normal,"  将代码写入到 Adapters.g.cs"
"Message",Normal,"  将代码写入到 Data.g.cs"
"Message",Normal,"  将代码写入到 Helpers.g.cs"
"Message",Normal,"  将代码写入到 ImplTypes.g.cs"
"Message",Normal,"  将代码写入到 PInvoke.g.cs"
"Message",Normal,"  将代码写入到 SafeTypes.g.cs"
"Message",Normal,"  将代码写入到 SharedStubs.g.cs"
"Message",Normal,"  将代码写入到 ZhihuDaily.ITFProxy.g.cs"
"Message",Normal,"正在运行“CompileMcgSourceAndSerializationAssemblyGenerator”转换，于 148 MB 形成堆。"
"Message",High,"正在生成序列化代码"
"Message",High,"正在编译互操作代码"
"Message",Low,"正在用参数编译 MCG 输出:  /debug:""pdbonly"" /nowarn:""0436;0618;1668;1685;1701;1702"" /debug+ /nostdlib+ /optimize+ /out:""C:\Users\xu_cc\Documents\Visual Studio 2015\Projects\ZhihuDaily\ZhihuDaily\obj\x86\Release\ilc\intermediate\ZhihuDaily.Interop.dll"" /pdb:""C:\Users\xu_cc\Documents\Visual Studio 2015\Projects\ZhihuDaily\ZhihuDaily\obj\x86\Release\ilc\intermediate\ZhihuDaily.Interop.pdb"" /platform:""x86"" /warnaserror+ /unsafe /noconfig /nologo /target:library /define:""MCG_PRE_BUILD"" /r:""C:\Program Files (x86)\MSBuild\Microsoft\.NetNative\x86\ilc\lib\Private\System.Private.Corelib.dll"" /r:""C:\Program Files (x86)\MSBuild\Microsoft\.NetNative\x86\ilc\lib\Private\System.Private.Corelib.InteropServices.dll"" /r:""C:\Program Files (x86)\MSBuild\Microsoft\.NetNative\x86\ilc\lib\Private\System.Private.Interop.dll"" /r:""C:\Users\xu_cc\Documents\Visual Studio 2015\Projects\ZhihuDaily\ZhihuDaily\obj\x86\Release\ilc\in\System.Private.Uri.dll"" /r:""C:\Program Files (x86)\MSBuild\Microsoft\.NetNative\x86\ilc\lib\Private\System.Private.CompilerServices.ICastable.dll"" /r:""C:\Program Files (x86)\MSBuild\Microsoft\.NetNative\x86\ilc\lib\Private\System.Private.Reflection.dll"" /r:""C:\Program Files (x86)\MSBuild\Microsoft\.NetNative\x86\ilc\lib\Private\System.Private.DispatchProxy.dll"" /r:""C:\Users\xu_cc\Documents\Visual Studio 2015\Projects\ZhihuDaily\ZhihuDaily\obj\x86\Release\ilc\in\System.Reflection.DispatchProxy.dll"" /r:""C:\Users\xu_cc\Documents\Visual Studio 2015\Projects\ZhihuDaily\ZhihuDaily\obj\x86\Release\ilc\in\System.Reflection.dll"" /r:""C:\Users\xu_cc\Documents\Visual Studio 2015\Projects\ZhihuDaily\ZhihuDaily\obj\x86\Release\ilc\in\System.Runtime.dll"" /r:""C:\Users\xu_cc\Documents\Visual Studio 2015\Projects\ZhihuDaily\ZhihuDaily\obj\x86\Release\ilc\in\System.Runtime.InteropServices.dll"" /r:""C:\Users\xu_cc\Documents\Visual Studio 2015\Projects\ZhihuDaily\ZhihuDaily\obj\x86\Release\ilc\in\System.Runtime.InteropServices.WindowsRuntime.dll"" /r:""C:\Users\xu_cc\Documents\Visual Studio 2015\Projects\ZhihuDaily\ZhihuDaily\obj\x86\Release\ilc\in\System.Numerics.Vectors.dll"" /r:""C:\Users\xu_cc\Documents\Visual Studio 2015\Projects\ZhihuDaily\ZhihuDaily\obj\x86\Release\ilc\in\System.Threading.dll"" /r:""C:\Users\xu_cc\Documents\Visual Studio 2015\Projects\ZhihuDaily\ZhihuDaily\obj\x86\Release\ilc\in\System.Diagnostics.Debug.dll"" /r:""C:\Users\xu_cc\Documents\Visual Studio 2015\Projects\ZhihuDaily\ZhihuDaily\obj\x86\Release\ilc\in\System.Runtime.Handles.dll"" /r:""C:\Users\xu_cc\Documents\Visual Studio 2015\Projects\ZhihuDaily\ZhihuDaily\obj\x86\Release\ilc\in\System.Dynamic.Runtime.dll"" /r:""C:\Program Files (x86)\MSBuild\Microsoft\.NetNative\x86\ilc\lib\Private\System.Private.CoreLib.Augments.dll"" /r:""C:\Users\xu_cc\Documents\Visual Studio 2015\Projects\ZhihuDaily\ZhihuDaily\obj\x86\Release\ilc\in\System.Runtime.Extensions.dll"" /r:""C:\Users\xu_cc\Documents\Visual Studio 2015\Projects\ZhihuDaily\ZhihuDaily\obj\x86\Release\ilc\in\System.Collections.dll"" /r:""C:\Users\xu_cc\Documents\Visual Studio 2015\Projects\ZhihuDaily\ZhihuDaily\obj\x86\Release\ilc\in\System.ObjectModel.dll"" /r:""C:\Users\xu_cc\Documents\Visual Studio 2015\Projects\ZhihuDaily\ZhihuDaily\obj\x86\Release\ilc\in\System.Runtime.WindowsRuntime.dll"" /r:""C:\Users\xu_cc\Documents\Visual Studio 2015\Projects\ZhihuDaily\ZhihuDaily\obj\x86\Release\ilc\in\System.Runtime.WindowsRuntime.UI.Xaml.dll"" ""C:\Users\xu_cc\Documents\Visual Studio 2015\Projects\ZhihuDaily\ZhihuDaily\obj\x86\Release\ilc\intermediate\ZhihuDaily.ITFProxy.g.cs"" ""C:\Users\xu_cc\Documents\Visual Studio 2015\Projects\ZhihuDaily\ZhihuDaily\obj\x86\Release\ilc\intermediate\ZhihuDaily.Interop\Adapters.g.cs"" ""C:\Users\xu_cc\Documents\Visual Studio 2015\Projects\ZhihuDaily\ZhihuDaily\obj\x86\Release\ilc\intermediate\ZhihuDaily.Interop\AssemblyInfo.g.cs"" ""C:\Users\xu_cc\Documents\Visual Studio 2015\Projects\ZhihuDaily\ZhihuDaily\obj\x86\Release\ilc\intermediate\ZhihuDaily.Interop\Data.g.cs"" ""C:\Users\xu_cc\Documents\Visual Studio 2015\Projects\ZhihuDaily\ZhihuDaily\obj\x86\Release\ilc\intermediate\ZhihuDaily.Interop\Helpers.g.cs"" ""C:\Users\xu_cc\Documents\Visual Studio 2015\Projects\ZhihuDaily\ZhihuDaily\obj\x86\Release\ilc\intermediate\ZhihuDaily.Interop\ImplTypes.g.cs"" ""C:\Users\xu_cc\Documents\Visual Studio 2015\Projects\ZhihuDaily\ZhihuDaily\obj\x86\Release\ilc\intermediate\ZhihuDaily.Interop\PInvoke.g.cs"" ""C:\Users\xu_cc\Documents\Visual Studio 2015\Projects\ZhihuDaily\ZhihuDaily\obj\x86\Release\ilc\intermediate\ZhihuDaily.Interop\SafeTypes.g.cs"" ""C:\Users\xu_cc\Documents\Visual Studio 2015\Projects\ZhihuDaily\ZhihuDaily\obj\x86\Release\ilc\intermediate\ZhihuDaily.Interop\SharedStubs.g.cs"""
"Message",Normal,"正在运行“DumpNativeResources”转换，于 148 MB 形成堆。"
"Message",Normal,"正在运行“ReducedCopyInitialize”转换，于 149 MB 形成堆。"
"Message",Normal,"正在运行“ReducedCopyEmptyTypes”转换，于 173 MB 形成堆。"
"Message",Normal,"正在运行“ReducedCopyPopulateTypes”转换，于 200 MB 形成堆。"
"Message",Normal,"正在运行“ReducedCopyLateMetadata”转换，于 237 MB 形成堆。"
"Message",Normal,"正在运行“ReducedCopyMethodBodies”转换，于 172 MB 形成堆。"
"Message",Normal,"正在运行“ReducedCopyComplete”转换，于 221 MB 形成堆。"
"Message",Normal,"正在运行“ReducedCopyCleanup”转换，于 234 MB 形成堆。"
"Message",Normal,"正在运行“DeveloperExperienceModeOnlyCodeRemover”转换，于 234 MB 形成堆。"
"Message",Normal,"正在运行“ComImportDetector”转换，于 235 MB 形成堆。"
"Message",Normal,"正在运行“McgAccessor”转换，于 235 MB 形成堆。"
"Message",Normal,"正在运行“McgRedirect”转换，于 211 MB 形成堆。"
"Message",Normal,"正在运行“McgRedirect”转换，于 206 MB 形成堆。"
"Message",Normal,"正在运行“McgTypeOf”转换，于 207 MB 形成堆。"
"Message",Normal,"正在运行“ExceptionMiniaturizer”转换，于 215 MB 形成堆。"
"Message",Normal,"正在运行“EventSource”转换，于 226 MB 形成堆。"
"Message",Normal,"正在运行“ValueType”转换，于 227 MB 形成堆。"
"Message",Normal,"正在运行“Attribute”转换，于 228 MB 形成堆。"
"Message",Normal,"正在运行“GetType”转换，于 229 MB 形成堆。"
"Message",Normal,"正在运行“McgFixups”转换，于 231 MB 形成堆。"
"Message",Normal,"正在运行“ResourceManagerCtor”转换，于 233 MB 形成堆。"
"Message",Normal,"正在运行“TypeofTypeHandle”转换，于 233 MB 形成堆。"
"Message",Normal,"正在运行“DispatchProxyIntrinsics”转换，于 242 MB 形成堆。"
"Message",Normal,"正在运行“StaticInitData”转换，于 242 MB 形成堆。"
"Message",Normal,"正在运行“StartupCodeInjector”转换，于 263 MB 形成堆。"
"Message",Normal,"正在运行“InjectAppContextSwitches”转换，于 264 MB 形成堆。"
"Message",Normal,"正在运行“ImplementLibraryDynamicInvokeHelpers”转换，于 264 MB 形成堆。"
"Message",Normal,"正在运行“Delegate”转换，于 264 MB 形成堆。"
"Message",Normal,"正在运行“DelegateCtorCall”转换，于 280 MB 形成堆。"
"Message",Normal,"正在运行“LazyGenerics”转换，于 282 MB 形成堆。"
"Message",Normal,"正在运行“AddReflectionBlockedAttributes”转换，于 265 MB 形成堆。"
"Message",Normal,"正在运行“DisableOptimization”转换，于 266 MB 形成堆。"
"Message",Normal,"正在运行“CreateMetadata”转换，于 266 MB 形成堆。"
"Message",Normal,"正在运行“SynchronizedMethod”转换，于 294 MB 形成堆。"
"Message",Normal,"正在运行“ReflectionInvoke”转换，于 294 MB 形成堆。"
"Message",Normal,"正在运行“ScrubOpenCalls”转换，于 295 MB 形成堆。"
"Message",Normal,"正在运行“Calli”转换，于 296 MB 形成堆。"
"Message",Normal,"正在运行“ConvertCatchIntoFilter”转换，于 307 MB 形成堆。"
"Message",Normal,"正在运行“ReflectionMappingInfoEmit”转换，于 307 MB 形成堆。"
"Message",Normal,"正在运行“ConvertManagedWinMD”转换，于 308 MB 形成堆。"
"Message",Normal,"正在运行“Reducer”转换，于 308 MB 形成堆。"
"Message",High,"正在清理未引用的代码"
"Message",Normal,"正在运行“WriteAssemblies”转换，于 307 MB 形成堆。"
"Message",Normal,""
"Message",Normal,"转换摘要"
"Message",Normal,"   毫秒 | 堆增量 | 名称"
"Message",Normal," 24727 |        179 | Analysis"
"Message",Normal," 13096 |          0 | CompileMcgSourceAndSerializationAssemblyGenerator"
"Message",Normal,"  8354 |        -28 | WriteAssemblies"
"Message",Normal,"  6309 |         -1 | Reducer"
"Message",Normal,"  5736 |        -41 | Mcg"
"Message",Normal,"  2150 |         37 | ReducedCopyPopulateTypes"
"Message",Normal,"  1342 |         49 | ReducedCopyMethodBodies"
"Message",Normal,"  1341 |        -65 | ReducedCopyLateMetadata"
"Message",Normal,"  1147 |        -17 | LazyGenerics"
"Message",Normal,"  1047 |         -5 | McgRedirect"
"Message",Normal,"  1002 |         28 | CreateMetadata"
"Message",Normal,"   686 |         13 | ReducedCopyComplete"
"Message",Normal,"   669 |         27 | ReducedCopyEmptyTypes"
"Message",Normal,"   668 |         11 | ExceptionMiniaturizer"
"Message",Normal,"   562 |        -24 | McgAccessor"
"Message",Normal,"   555 |          9 | TypeofTypeHandle"
"Message",Normal,"   498 |          8 | McgTypeOf"
"Message",Normal,"   453 |         21 | StaticInitData"
"Message",Normal,"   447 |         24 | ReducedCopyInitialize"
"Message",Normal,"   354 |          1 | McgRedirect"
"Message",Normal,"   323 |         11 | Calli"
"Message",Normal,"   226 |         16 | Delegate"
"Message",Normal,"   207 |          2 | DelegateCtorCall"
"Message",Normal,"   106 |          2 | McgFixups"
"Message",Normal,"    78 |          2 | GetType"
"Message",Normal,"    78 |          0 | SynchronizedMethod"
"Message",Normal,"    67 |          1 | EventSource"
"Message",Normal,"    40 |          1 | ScrubOpenCalls"
"Message",Normal,"    38 |          1 | StartupCodeInjector"
"Message",Normal,"    33 |          0 | DispatchProxyIntrinsics"
"Message",Normal,"    31 |          1 | DumpNativeResources"
"Message",Normal,"    20 |          1 | ValueType"
"Message",Normal,"    18 |          1 | Attribute"
"Message",Normal,"    15 |          0 | ConvertCatchIntoFilter"
"Message",Normal,"    12 |          1 | DeveloperExperienceModeOnlyCodeRemover"
"Message",Normal,"    10 |          1 | ReflectionInvoke"
"Message",Normal,"     8 |          0 | ResourceManagerCtor"
"Message",Normal,"     6 |          1 | ReflectionMappingInfoEmit"
"Message",Normal,"     2 |          0 | ImplementLibraryDynamicInvokeHelpers"
"Message",Normal,"     2 |          1 | AddReflectionBlockedAttributes"
"Message",Normal,"     0 |          0 | DisableOptimization"
"Message",Normal,"     0 |          0 | ReducedCopyCleanup"
"Message",Normal,"     0 |          0 | ConvertManagedWinMD"
"Message",Normal,"     0 |          0 | ComImportDetector"
"Message",Normal,"     0 |          0 | InjectAppContextSwitches"
"Message",Low,"已完成执行任务“ILTransformTask”的操作。"
"Message",Low,"由于 false 条件，已跳过任务“WriteLinesToFile”；('$(BuildSharedAssemblies)' == 'true')计算为('false' == 'true')。"
"Message",Low,"已完成在项目“Unnamed_1”中生成目标“RunILTransforms”的操作。"
"Message",Low,"由于条件的计算结果为 false，已跳过目标“CheckSharedAssemblyClosure”；('$(BuildSharedAssemblies)' == 'true')的计算结果为('false' == 'true')。"
"Message",Low,"由于条件的计算结果为 false，已跳过目标“MergePgoCounts”；('$(Pgu)'=='true' and '$(MultiPhasePgd)'!='true')的计算结果为('false'=='true' and 'false'!='true')。"
"Message",Low,"来自项目“C:\Users\xu_cc\Documents\Visual Studio 2015\Projects\ZhihuDaily\ZhihuDaily\Unnamed_1”的文件“C:\Program Files (x86)\MSBuild\Microsoft\.NetNative\x86\ilc\IlcInternals.targets”中的目标“GenerateMDILResponseFileSingleFile”(目标“GenerateMDILSingleFile”依赖于它):"
"Message",Low,"正在完全生成目标“GenerateMDILResponseFileSingleFile”。"
"Message",Low,"输出文件“C:\Users\xu_cc\Documents\Visual Studio 2015\Projects\ZhihuDaily\ZhihuDaily\obj\x86\Release\ilc\intermediate\nutcargs.rsp”不存在。"
"Message",Low,"任务“IlcMessageTask”"
"Message",High,"正在生成本机代码"
"Message",Low,"已完成执行任务“IlcMessageTask”的操作。"
"Message",Low,"任务“MakeDir”"
"Message",Normal,"正在创建目录“C:\Users\xu_cc\Documents\Visual Studio 2015\Projects\ZhihuDaily\ZhihuDaily\obj\x86\Release\ilc\intermediate\MDIL\”。"
"Message",Low,"已完成执行任务“MakeDir”的操作。"
"Message",Low,"任务“WriteLinesToFile”"
"Message",Low,"已完成执行任务“WriteLinesToFile”的操作。"
"Message",Low,"已完成在项目“Unnamed_1”中生成目标“GenerateMDILResponseFileSingleFile”的操作。"
"Message",Low,"来自项目“C:\Users\xu_cc\Documents\Visual Studio 2015\Projects\ZhihuDaily\ZhihuDaily\Unnamed_1”的文件“C:\Program Files (x86)\MSBuild\Microsoft\.NetNative\x86\ilc\IlcInternals.targets”中的目标“GenerateMDILSingleFile”(目标“GenerateMDIL”依赖于它):"
"Message",Low,"正在完全生成目标“GenerateMDILSingleFile”。"
"Message",Low,"输出文件“C:\Users\xu_cc\Documents\Visual Studio 2015\Projects\ZhihuDaily\ZhihuDaily\obj\x86\Release\ilc\intermediate\MDIL\ZhihuDaily.mdilexe”不存在。"
"Message",Low,"正在使用程序集“Microsoft.Build.ILTasks”中的“StartProcessTask”任务。"
"Message",Low,"任务“StartProcessTask”"
"Message",Normal,"正在启动“C:\Program Files (x86)\MSBuild\Microsoft\.NetNative\x86\ilc\Tools\nutc_driver.exe @""C:\Users\xu_cc\Documents\Visual Studio 2015\Projects\ZhihuDaily\ZhihuDaily\obj\x86\Release\ilc\intermediate\nutcargs.rsp""”"
"Message",Low,"Microsoft (R) MDIL Compiler - Version 1.0.23309.00"
"Message",Low,"Copyright (c) Microsoft Corporation.  All rights reserved."
"Message",Low,"姝ｅ湪鎵弿杈撳叆绫诲瀷"
"Message",Low,"姝ｅ湪鎵弿 5230 鏂规硶銆?"
"Message",Low,"姝ｅ湪鎵弿 3413 鏂规硶銆?"
"Message",Low,"姝ｅ湪鎵弿 2278 鏂规硶銆?"
"Message",Low,"姝ｅ湪鎵弿 1755 鏂规硶銆?"
"Message",Low,"姝ｅ湪鎵弿 4185 鏂规硶銆?"
"Message",Low,"姝ｅ湪鎵弿 3336 鏂规硶銆?"
"Message",Low,"姝ｅ湪鎵弿 2582 鏂规硶銆?"
"Message",Low,"姝ｅ湪鎵弿 1876 鏂规硶銆?"
"Message",Low,"姝ｅ湪鎵弿 1272 鏂规硶銆?"
"Message",Low,"姝ｅ湪鎵弿 1099 鏂规硶銆?"
"Message",Low,"姝ｅ湪鎵弿 728 鏂规硶銆?"
"Message",Low,"姝ｅ湪鎵弿 449 鏂规硶銆?"
"Message",Low,"姝ｅ湪鎵弿 248 鏂规硶銆?"
"Message",Low,"姝ｅ湪鎵弿 162 鏂规硶銆?"
"Message",Low,"姝ｅ湪鎵弿 119 鏂规硶銆?"
"Message",Low,"姝ｅ湪鎵弿 131 鏂规硶銆?"
"Message",Low,"姝ｅ湪鎵弿 114 鏂规硶銆?"
"Message",Low,"姝ｅ湪鎵弿 100 鏂规硶銆?"
"Message",Low,"姝ｅ湪鎵弿 70 鏂规硶銆?"
"Message",Low,"姝ｅ湪鎵弿 35 鏂规硶銆?"
"Message",Low,"姝ｅ湪鎵弿 17 鏂规硶銆?"
"Message",Low,"姝ｅ湪鎵弿 9 鏂规硶銆?"
"Message",Low,"姝ｅ湪鎵弿 6 鏂规硶銆?"
"Message",Low,"姝ｅ湪鎵弿 6 鏂规硶銆?"
"Message",Low,"姝ｅ湪鎵弿 8 鏂规硶銆?"
"Message",Low,"姝ｅ湪鎵弿 2 鏂规硶銆?"
"Message",Low,"杩垏鐢熸垚浠ｇ爜"
"Message",Low,"姝ｅ湪缂栬瘧 29230 鏂规硶銆?"
"Message",Low,"寤惰繜鐢熸垚浠ｇ爜"
"Message",Low,"宸叉垚鍔熺敓鎴愨€淐:\Users\xu_cc\Documents\Visual Studio 2015\Projects\ZhihuDaily\ZhihuDaily\obj\x86\Release\ilc\intermediate\MDIL\ZhihuDaily.mdilexe鈥?"
"Message",Low,"宸叉垚鍔熺敓鎴愨€淐:\Users\xu_cc\Documents\Visual Studio 2015\Projects\ZhihuDaily\ZhihuDaily\obj\x86\Release\ilc\intermediate\MDIL\ZhihuDaily.mdilpdb鈥?"
"Message",Normal,"“C:\Program Files (x86)\MSBuild\Microsoft\.NetNative\x86\ilc\Tools\nutc_driver.exe @""C:\Users\xu_cc\Documents\Visual Studio 2015\Projects\ZhihuDaily\ZhihuDaily\obj\x86\Release\ilc\intermediate\nutcargs.rsp""”已完成。"
"Message",Normal,"进程执行统计(所有时间均以毫秒为单位)"
"Message",Normal,"-----------------------------------------------------------------------------"
"Message",Normal,"启动  |  开始   |   停止   |   结束    | 持续时间 | 生存期 | [槽] 名称"
"Message",Normal,"-----------------------------------------------------------------------------"
"Message",Normal,"       0 |       63 |    62516 |    62516 |    62453 |    62516 | [0] Nutc SingleFile"
"Message",Normal,"命令数:      1"
"Message",Normal,"总系统时间:       62516 毫秒"
"Message",Normal,"每命令系统时间: 62516 毫秒"
"Message",Normal,"总持续时间:          62453 毫秒"
"Message",Normal,"总生存时间:          62516 毫秒"
"Message",Normal,"请求的 DOP:           4"
"Message",Normal,"持续时间 DOP:            1.0"
"Message",Normal,"生存时间 DOP:            1.0"
"Message",Low,"已完成执行任务“StartProcessTask”的操作。"
"Message",Low,"已完成在项目“Unnamed_1”中生成目标“GenerateMDILSingleFile”的操作。"
"Message",Low,"来自项目“C:\Users\xu_cc\Documents\Visual Studio 2015\Projects\ZhihuDaily\ZhihuDaily\Unnamed_1”的文件“C:\Program Files (x86)\MSBuild\Microsoft\.NetNative\x86\ilc\IlcInternals.targets”中的目标“GenerateMDIL”(目标“MDILBindPrepare”依赖于它):"
"Message",Normal,"正在跳过目标“GenerateMDIL”，因为所有输出文件相对于输入文件而言都是最新的。"
"Message",Low,"输入文件: C:\Users\xu_cc\Documents\Visual Studio 2015\Projects\ZhihuDaily\ZhihuDaily\obj\x86\Release\ilc\intermediate\nutcargs.rsp"
"Message",Low,"输出文件: C:\Users\xu_cc\Documents\Visual Studio 2015\Projects\ZhihuDaily\ZhihuDaily\obj\x86\Release\ilc\intermediate\MDIL\ZhihuDaily.mdilexe;C:\Users\xu_cc\Documents\Visual Studio 2015\Projects\ZhihuDaily\ZhihuDaily\obj\x86\Release\ilc\intermediate\MDIL\ZhihuDaily.mdilpdb"
"Message",Low,"已完成在项目“Unnamed_1”中生成目标“GenerateMDIL”的操作。"
"Message",Low,"来自项目“C:\Users\xu_cc\Documents\Visual Studio 2015\Projects\ZhihuDaily\ZhihuDaily\Unnamed_1”的文件“C:\Program Files (x86)\MSBuild\Microsoft\.NetNative\x86\ilc\IlcInternals.targets”中的目标“GenerateBuildInfo”(目标“MDILBindPrepare”依赖于它):"
"Message",Low,"正在完全生成目标“GenerateBuildInfo”。"
"Message",Low,"输出文件“C:\Users\xu_cc\Documents\Visual Studio 2015\Projects\ZhihuDaily\ZhihuDaily\obj\x86\Release\ilc\intermediate\Native.res”不存在。"
"Message",Low,"任务“StartProcessTask”"
"Message",Normal,"正在启动“C:\Program Files (x86)\Windows Kits\10\bin\x86\rc.exe /c 65001 /r /fo ""C:\Users\xu_cc\Documents\Visual Studio 2015\Projects\ZhihuDaily\ZhihuDaily\obj\x86\Release\ilc\intermediate\BuildInfo\BuildInfo.res"" ""C:\Users\xu_cc\Documents\Visual Studio 2015\Projects\ZhihuDaily\ZhihuDaily\obj\x86\Release\ilc\intermediate\BuildInfo\BuildInfo.rc""”"
"Message",Low,"Microsoft (R) Windows (R) Resource Compiler Version 10.0.10011.16384"
"Message",Low,"Copyright (C) Microsoft Corporation.  All rights reserved."
"Message",Normal,"“C:\Program Files (x86)\Windows Kits\10\bin\x86\rc.exe /c 65001 /r /fo ""C:\Users\xu_cc\Documents\Visual Studio 2015\Projects\ZhihuDaily\ZhihuDaily\obj\x86\Release\ilc\intermediate\BuildInfo\BuildInfo.res"" ""C:\Users\xu_cc\Documents\Visual Studio 2015\Projects\ZhihuDaily\ZhihuDaily\obj\x86\Release\ilc\intermediate\BuildInfo\BuildInfo.rc""”已完成。"
"Message",Normal,"进程执行统计(所有时间均以毫秒为单位)"
"Message",Normal,"-----------------------------------------------------------------------------"
"Message",Normal,"启动  |  开始   |   停止   |   结束    | 持续时间 | 生存期 | [槽] 名称"
"Message",Normal,"-----------------------------------------------------------------------------"
"Message",Normal,"       0 |      110 |      219 |      219 |      109 |      219 | [0] RC"
"Message",Normal,"命令数:      1"
"Message",Normal,"总系统时间:       219 毫秒"
"Message",Normal,"每命令系统时间: 219 毫秒"
"Message",Normal,"总持续时间:          109 毫秒"
"Message",Normal,"总生存时间:          219 毫秒"
"Message",Normal,"请求的 DOP:           4"
"Message",Normal,"持续时间 DOP:            0.5"
"Message",Normal,"生存时间 DOP:            1.0"
"Message",Low,"已完成执行任务“StartProcessTask”的操作。"
"Message",Low,"正在使用程序集“Microsoft.Build.ILTasks”中的“BinaryConcatenateTask”任务。"
"Message",Low,"任务“BinaryConcatenateTask”"
"Message",Normal,"正在用对齐值“4”连接到“C:\Users\xu_cc\Documents\Visual Studio 2015\Projects\ZhihuDaily\ZhihuDaily\obj\x86\Release\ilc\intermediate\Native.res”。"
"Message",Normal,"在偏移量“0”处添加了“C:\Users\xu_cc\Documents\Visual Studio 2015\Projects\ZhihuDaily\ZhihuDaily\obj\x86\Release\ilc\intermediate\ILTransformed\ZhihuDaily.res”。"
"Message",Normal,"在偏移量“1400”处添加了“C:\Users\xu_cc\Documents\Visual Studio 2015\Projects\ZhihuDaily\ZhihuDaily\obj\x86\Release\ilc\intermediate\BuildInfo\BuildInfo.res”。"
"Message",Low,"已完成执行任务“BinaryConcatenateTask”的操作。"
"Message",Low,"已完成在项目“Unnamed_1”中生成目标“GenerateBuildInfo”的操作。"
"Message",Low,"来自项目“C:\Users\xu_cc\Documents\Visual Studio 2015\Projects\ZhihuDaily\ZhihuDaily\Unnamed_1”的文件“C:\Program Files (x86)\MSBuild\Microsoft\.NetNative\x86\ilc\IlcInternals.targets”中的目标“MDILBindPrepare”(目标“MDILBindCreateResponseFiles”依赖于它):"
"Message",Low,"任务“MakeDir”"
"Message",Normal,"正在创建目录“C:\Users\xu_cc\Documents\Visual Studio 2015\Projects\ZhihuDaily\ZhihuDaily\obj\x86\Release\ilc\intermediate\Native\”。"
"Message",Low,"已完成执行任务“MakeDir”的操作。"
"Message",Low,"由于 false 条件，已跳过任务“StartProcessTask”；('$(Pgi)'=='true')计算为('false'=='true')。"
"Message",Low,"已完成在项目“Unnamed_1”中生成目标“MDILBindPrepare”的操作。"
"Message",Low,"来自项目“C:\Users\xu_cc\Documents\Visual Studio 2015\Projects\ZhihuDaily\ZhihuDaily\Unnamed_1”的文件“C:\Program Files (x86)\MSBuild\Microsoft\.NetNative\x86\ilc\IlcInternals.targets”中的目标“MDILBindCreateResponseFiles”(目标“MDILBind”依赖于它):"
"Message",Low,"正在完全生成目标“MDILBindCreateResponseFiles”。"
"Message",Low,"输出文件“C:\Users\xu_cc\Documents\Visual Studio 2015\Projects\ZhihuDaily\ZhihuDaily\obj\x86\Release\ilc\intermediate\rhbindargs.ZhihuDaily.rsp”不存在。"
"Message",Low,"任务“WriteLinesToFile”"
"Message",Low,"已完成执行任务“WriteLinesToFile”的操作。"
"Message",Low,"已完成在项目“Unnamed_1”中生成目标“MDILBindCreateResponseFiles”的操作。"
"Message",Low,"来自项目“C:\Users\xu_cc\Documents\Visual Studio 2015\Projects\ZhihuDaily\ZhihuDaily\Unnamed_1”的文件“C:\Program Files (x86)\MSBuild\Microsoft\.NetNative\x86\ilc\IlcInternals.targets”中的目标“MDILBind”(目标“CopyNativeExecutablesToOutput”依赖于它):"
"Message",Low,"正在完全生成目标“MDILBind”。"
"Message",Low,"输出文件“C:\Users\xu_cc\Documents\Visual Studio 2015\Projects\ZhihuDaily\ZhihuDaily\obj\x86\Release\ilc\intermediate\Native\ZhihuDaily.exe”不存在。"
"Message",Low,"任务“IlcMessageTask”"
"Message",High,"正在生成本机代码的链接地址信息"
"Message",Low,"已完成执行任务“IlcMessageTask”的操作。"
"Message",Low,"任务“StartProcessTask”"
"Message",Normal,"正在启动“C:\Program Files (x86)\MSBuild\Microsoft\.NetNative\x86\ilc\Tools\rhbind.exe @""C:\Users\xu_cc\Documents\Visual Studio 2015\Projects\ZhihuDaily\ZhihuDaily\obj\x86\Release\ilc\intermediate\rhbindargs.ZhihuDaily.rsp""”"
"Message",Low,"OS VERSION: major: 6  minor: 2"
"Message",Low,"MDIL: C:\Users\xu_cc\Documents\Visual Studio 2015\Projects\ZhihuDaily\ZhihuDaily\obj\x86\Release\ilc\intermediate\MDIL\ZhihuDaily.mdilexe"
"Message",Low,"MDILPDB: C:\Users\xu_cc\Documents\Visual Studio 2015\Projects\ZhihuDaily\ZhihuDaily\obj\x86\Release\ilc\intermediate\MDIL\ZhihuDaily.mdilpdb"
"Message",Low,"IL: C:\Users\xu_cc\Documents\Visual Studio 2015\Projects\ZhihuDaily\ZhihuDaily\obj\x86\Release\ilc\intermediate\MDIL\ZhihuDaily.ilexe"
"Message",Low,"NI: C:\Users\xu_cc\Documents\Visual Studio 2015\Projects\ZhihuDaily\ZhihuDaily\obj\x86\Release\ilc\intermediate\Native\ZhihuDaily.dll"
"Message",Low,"SHIM: C:\Users\xu_cc\Documents\Visual Studio 2015\Projects\ZhihuDaily\ZhihuDaily\obj\x86\Release\ilc\intermediate\Native\ZhihuDaily.exe"
"Message",Low,"REDHAWK_RUNTIME_DLL_NAME_A=mrt100_app.dll"
"Message",Low,"pdb: C:\Users\xu_cc\Documents\Visual Studio 2015\Projects\ZhihuDaily\ZhihuDaily\obj\x86\Release\ilc\intermediate\Native\ZhihuDaily.pdb"
"Message",Low,"Produced C:\Users\xu_cc\Documents\Visual Studio 2015\Projects\ZhihuDaily\ZhihuDaily\obj\x86\Release\ilc\intermediate\Native\ZhihuDaily.dll in 2.671 seconds"
"Message",Normal,"“C:\Program Files (x86)\MSBuild\Microsoft\.NetNative\x86\ilc\Tools\rhbind.exe @""C:\Users\xu_cc\Documents\Visual Studio 2015\Projects\ZhihuDaily\ZhihuDaily\obj\x86\Release\ilc\intermediate\rhbindargs.ZhihuDaily.rsp""”已完成。"
"Message",Normal,"进程执行统计(所有时间均以毫秒为单位)"
"Message",Normal,"-----------------------------------------------------------------------------"
"Message",Normal,"启动  |  开始   |   停止   |   结束    | 持续时间 | 生存期 | [槽] 名称"
"Message",Normal,"-----------------------------------------------------------------------------"
"Message",Normal,"       0 |       16 |     2719 |     2719 |     2703 |     2719 | [0] rhbind ZhihuDaily"
"Message",Normal,"命令数:      1"
"Message",Normal,"总系统时间:       2719 毫秒"
"Message",Normal,"每命令系统时间: 2719 毫秒"
"Message",Normal,"总持续时间:          2703 毫秒"
"Message",Normal,"总生存时间:          2719 毫秒"
"Message",Normal,"请求的 DOP:           4"
"Message",Normal,"持续时间 DOP:            1.0"
"Message",Normal,"生存时间 DOP:            1.0"
"Message",Low,"已完成执行任务“StartProcessTask”的操作。"
"Message",Low,"由于 false 条件，已跳过任务“Move”；('$(PdbPath)'!='')计算为(''!='')。"
"Message",Low,"已完成在项目“Unnamed_1”中生成目标“MDILBind”的操作。"
"Message",Low,"来自项目“C:\Users\xu_cc\Documents\Visual Studio 2015\Projects\ZhihuDaily\ZhihuDaily\Unnamed_1”的文件“C:\Program Files (x86)\MSBuild\Microsoft\.NetNative\x86\ilc\IlcInternals.targets”中的目标“CopyNativeExecutablesToOutput”(目标“Build”依赖于它):"
"Message",Low,"正在使用程序集“C:\Program Files (x86)\MSBuild\Microsoft\.NetNative\x86\ilc\ilc.exe”中的“AddToNativePackageTask”任务。"
"Message",Low,"任务“AddToNativePackageTask”"
"Message",Low,"已完成执行任务“AddToNativePackageTask”的操作。"
"Message",Low,"任务“AddToNativePackageTask”"
"Message",Low,"已完成执行任务“AddToNativePackageTask”的操作。"
"Message",Low,"由于 false 条件，已跳过任务“AddToNativePackageTask”；('$(BuildSharedAssemblies)' != 'true' and '$(AllowAppLocalMrt)' == 'true')计算为('false' != 'true' and 'false' == 'true')。"
"Message",Low,"由于 false 条件，已跳过任务“AddToNativePackageTask”；('$(BuildSharedAssemblies)' == 'true')计算为('false' == 'true')。"
"Message",Low,"由于 false 条件，已跳过任务“AddToNativePackageTask”；('$(BuildSharedAssemblies)' == 'true')计算为('false' == 'true')。"
"Message",Low,"由于 false 条件，已跳过任务“AddToNativePackageTask”；('$(BuildSharedAssemblies)' == 'true')计算为('false' == 'true')。"
"Message",Low,"由于 false 条件，已跳过任务“AddToNativePackageTask”；('$(BuildSharedAssemblies)' == 'true' And '$(InternalFeatureSwitch_ILTableOfContents)' == 'true')计算为('false' == 'true' And 'true' == 'true')。"
"Message",Low,"由于 false 条件，已跳过任务“AddToNativePackageTask”；('$(BuildSharedAssemblies)' == 'true' And '$(InternalFeatureSwitch_ILTableOfContents)' == 'true')计算为('false' == 'true' And 'true' == 'true')。"
"Message",Low,"由于 false 条件，已跳过任务“AddToNativePackageTask”；('$(BuildSharedAssemblies)' == 'true' And '$(InternalFeatureSwitch_ILTableOfContents)' == 'true')计算为('false' == 'true' And 'true' == 'true')。"
"Message",Low,"由于 false 条件，已跳过任务“AddToNativePackageTask”；('$(BuildSharedAssemblies)' == 'true' And '$(InternalFeatureSwitch_ILTableOfContents)' == 'true')计算为('false' == 'true' And 'true' == 'true')。"
"Message",Low,"由于 false 条件，已跳过任务“AddToNativePackageTask”；('$(BuildSharedAssemblies)' == 'true')计算为('false' == 'true')。"
"Message",Low,"由于 false 条件，已跳过任务“AddToNativePackageTask”；('$(BuildSharedAssemblies)' == 'true')计算为('false' == 'true')。"
"Message",Low,"由于 false 条件，已跳过任务“AddToNativePackageTask”；('$(BuildSharedAssemblies)' == 'true')计算为('false' == 'true')。"
"Message",Low,"由于 false 条件，已跳过任务“AddToNativePackageTask”；('$(Pgi)'=='true')计算为('false'=='true')。"
"Message",Low,"由于 false 条件，已跳过任务“AddToNativePackageTask”；('$(BuildSharedAssemblies)' == 'true')计算为('false' == 'true')。"
"Message",Low,"由于 false 条件，已跳过任务“AddToNativePackageTask”；('$(BuildSharedAssemblies)' == 'true' And '$(InternalFeatureSwitch_ILTableOfContents)' == 'true')计算为('false' == 'true' And 'true' == 'true')。"
"Message",Low,"由于 false 条件，已跳过任务“AddToNativePackageTask”；('$(BuildSharedAssemblies)'=='true' and '@(SharedFrameworkReswFiles)' != '' And '$(InternalFeatureSwitch_ILTableOfContents)' == 'true')计算为('false'=='true' and '' != '' And 'true' == 'true')。"
"Message",Low,"由于 false 条件，已跳过任务“AddToNativePackageTask”；('$(UseFrameworkPackage)' != 'true' and '@(InputSharedLibrariesToCopy)' != '')计算为('False' != 'true' and '' != '')。"
"Message",Low,"已完成在项目“Unnamed_1”中生成目标“CopyNativeExecutablesToOutput”的操作。"
"Message",Low,"由于条件的计算结果为 false，已跳过目标“CopyExtractedResourcesToOutput”；(Exists('$(IntermediateResourcesPath)'))的计算结果为(Exists('C:\Users\xu_cc\Documents\Visual Studio 2015\Projects\ZhihuDaily\ZhihuDaily\obj\x86\Release\ilc\intermediate\Resources\'))。"
"Message",Low,"来自项目“C:\Users\xu_cc\Documents\Visual Studio 2015\Projects\ZhihuDaily\ZhihuDaily\Unnamed_1”的文件“C:\Program Files (x86)\MSBuild\Microsoft\.NetNative\x86\ilc\IlcInternals.targets”中的目标“TransformAppxManifestAndAddCrt”(目标“Build”依赖于它):"
"Message",Low,"正在使用程序集“C:\Program Files (x86)\MSBuild\Microsoft\.NetNative\x86\ilc\ilc.exe”中的“TransformAppxManifestTask”任务。"
"Message",Low,"任务“TransformAppxManifestTask”"
"Message",Low,"已完成执行任务“TransformAppxManifestTask”的操作。"
"Message",Low,"任务“AddToNativePackageTask”"
"Message",Low,"已完成执行任务“AddToNativePackageTask”的操作。"
"Message",Low,"由于 false 条件，已跳过任务“AddToNativePackageTask”；($(AddCrt))计算为(false)。"
"Message",Low,"由于 false 条件，已跳过任务“AddToNativePackageTask”；($(AddWin8Adapters))计算为(false)。"
"Message",Low,"由于 false 条件，已跳过任务“AddToNativePackageTask”；($(AddWin8Adapters))计算为(false)。"
"Message",Low,"由于 false 条件，已跳过任务“AddToNativePackageTask”；($(AddWin8Adapters))计算为(false)。"
"Message",Low,"由于 false 条件，已跳过任务“AddToNativePackageTask”；($(AddWin8Adapters))计算为(false)。"
"Message",Low,"由于 false 条件，已跳过任务“AddToNativePackageTask”；($(AddWin8Adapters))计算为(false)。"
"Message",Low,"由于 false 条件，已跳过任务“AddToNativePackageTask”；($(AddWin8Adapters))计算为(false)。"
"Message",Low,"由于 false 条件，已跳过任务“AddToNativePackageTask”；($(AddWin8Adapters))计算为(false)。"
"Message",Low,"已完成在项目“Unnamed_1”中生成目标“TransformAppxManifestAndAddCrt”的操作。"
"Message",Low,"由于条件的计算结果为 false，已跳过目标“MergeFrameworkReswFilesWithTheAppPriFile”；('@(AppResources)' != '' And '$(UseResKeysInsteadOfResStrings)' != 'true')的计算结果为('C:\Users\xu_cc\Documents\Visual Studio 2015\Projects\ZhihuDaily\ZhihuDaily\obj\x86\Release\ilc\in\resources.pri' != '' And 'true' != 'true')。"
"Message",Low,"来自项目“C:\Users\xu_cc\Documents\Visual Studio 2015\Projects\ZhihuDaily\ZhihuDaily\Unnamed_1”的文件“C:\Program Files (x86)\MSBuild\Microsoft\.NetNative\x86\ilc\IlcInternals.targets”中的目标“CopyPackageResourceFileInRetailBuild”(目标“Build”依赖于它):"
"Message",Low,"任务“AddToNativePackageTask”"
"Message",Low,"已完成执行任务“AddToNativePackageTask”的操作。"
"Message",Low,"已完成在项目“Unnamed_1”中生成目标“CopyPackageResourceFileInRetailBuild”的操作。"
"Message",Low,"来自项目“C:\Users\xu_cc\Documents\Visual Studio 2015\Projects\ZhihuDaily\ZhihuDaily\Unnamed_1”的文件“C:\Program Files (x86)\MSBuild\Microsoft\.NetNative\x86\ilc\IlcInternals.targets”中的目标“Build”(入口点):"
"Message",Low,"已完成在项目“Unnamed_1”中生成目标“Build”的操作。"
"Message",Low,"已完成生成项目“Unnamed_1”的操作。"
"Message",Low,"已成功生成。"
